﻿parcelObjId,transactionNumber,neighborhoodId,type,month,year,metricsType,averagePriceOfMeter
210032853634,28515881,21003472,Neighborhood Average,6,2025,شقق,1844.0
210032853634,28515881,21003472,Neighborhood Average,7,2025,شقق,1844.0
210032853634,28515881,21003472,Neighborhood Average,8,2025,شقق,1844.0
210032853634,28515881,21003472,Neighborhood Average,9,2025,شقق,1844.0
210032853634,28515881,21003472,Neighborhood Average,10,2025,شقق,1844.0
210032853634,28515881,21003472,Neighborhood Average,11,2025,شقق,1844.0
210022644866,28878495,21002406,Neighborhood Average,6,2025,أرض سكني,980.0
210022644866,28878495,21002406,Neighborhood Average,6,2025,شقق,3264.0
210022644866,28878495,21002406,Neighborhood Average,6,2025,فلل,2920.0
210022644866,28878495,21002406,Neighborhood Average,7,2025,أرض سكني,980.0
210022644866,28878495,21002406,Neighborhood Average,7,2025,شقق,3264.0
210022644866,28878495,21002406,Neighborhood Average,7,2025,فلل,2920.0
210022644866,28878495,21002406,Neighborhood Average,8,2025,أرض سكني,980.0
210022644866,28878495,21002406,Neighborhood Average,8,2025,شقق,3264.0
210022644866,28878495,21002406,Neighborhood Average,8,2025,فلل,2920.0
210022644866,28878495,21002406,Neighborhood Average,9,2025,أرض سكني,980.0
210022644866,28878495,21002406,Neighborhood Average,9,2025,شقق,3264.0
210022644866,28878495,21002406,Neighborhood Average,9,2025,فلل,2920.0
210022644866,28878495,21002406,Neighborhood Average,10,2025,أرض سكني,980.0
210022644866,28878495,21002406,Neighborhood Average,10,2025,شقق,3264.0
210022644866,28878495,21002406,Neighborhood Average,10,2025,فلل,2920.0
210022644866,28878495,21002406,Neighborhood Average,11,2025,أرض سكني,980.0
210022644866,28878495,21002406,Neighborhood Average,11,2025,شقق,3264.0
210022644866,28878495,21002406,Neighborhood Average,11,2025,فلل,2920.0
210022677467,27006473,21002300,Neighborhood Average,6,2025,أرض سكني,396.0
210022677467,27006473,21002300,Neighborhood Average,6,2025,زراعي,48.0
210022677467,27006473,21002300,Neighborhood Average,7,2025,أرض سكني,423.0
210022677467,27006473,21002300,Neighborhood Average,7,2025,زراعي,48.0
210022677467,27006473,21002300,Neighborhood Average,8,2025,أرض سكني,451.0
210022677467,27006473,21002300,Neighborhood Average,8,2025,زراعي,48.0
210022677467,27006473,21002300,Neighborhood Average,9,2025,أرض سكني,451.0
210022677467,27006473,21002300,Neighborhood Average,9,2025,زراعي,48.0
210022677467,27006473,21002300,Neighborhood Average,10,2025,أرض سكني,475.0
210022677467,27006473,21002300,Neighborhood Average,10,2025,زراعي,48.0
210022677467,27006473,21002300,Neighborhood Average,11,2025,أرض سكني,479.0
210022677467,27006473,21002300,Neighborhood Average,11,2025,زراعي,48.0
21001258530,27098823,21001126,Neighborhood Average,6,2025,أرض تجاري سكني,5100.0
21001258530,27098823,21001126,Neighborhood Average,6,2025,أرض سكني,1884.0
21001258530,27098823,21001126,Neighborhood Average,6,2025,فلل,9107.0
21001258530,27098823,21001126,Neighborhood Average,6,2025,مبنى تجاري سكني,10659.0
21001258530,27098823,21001126,Neighborhood Average,7,2025,أرض تجاري سكني,5100.0
21001258530,27098823,21001126,Neighborhood Average,7,2025,أرض سكني,1884.0
21001258530,27098823,21001126,Neighborhood Average,7,2025,فلل,9107.0
21001258530,27098823,21001126,Neighborhood Average,7,2025,مبنى تجاري سكني,10659.0
21001258530,27098823,21001126,Neighborhood Average,8,2025,أرض تجاري سكني,5100.0
21001258530,27098823,21001126,Neighborhood Average,8,2025,أرض سكني,1884.0
21001258530,27098823,21001126,Neighborhood Average,8,2025,فلل,9107.0
21001258530,27098823,21001126,Neighborhood Average,8,2025,مبنى تجاري سكني,10659.0
21001258530,27098823,21001126,Neighborhood Average,9,2025,أرض تجاري سكني,5100.0
21001258530,27098823,21001126,Neighborhood Average,9,2025,أرض سكني,1884.0
21001258530,27098823,21001126,Neighborhood Average,9,2025,فلل,9107.0
21001258530,27098823,21001126,Neighborhood Average,9,2025,مبنى تجاري سكني,10659.0
21001258530,27098823,21001126,Neighborhood Average,10,2025,أرض تجاري سكني,5100.0
21001258530,27098823,21001126,Neighborhood Average,10,2025,أرض سكني,1884.0
21001258530,27098823,21001126,Neighborhood Average,10,2025,فلل,9107.0
21001258530,27098823,21001126,Neighborhood Average,10,2025,مبنى تجاري سكني,10659.0
21001258530,27098823,21001126,Neighborhood Average,11,2025,أرض تجاري سكني,5100.0
21001258530,27098823,21001126,Neighborhood Average,11,2025,أرض سكني,1884.0
21001258530,27098823,21001126,Neighborhood Average,11,2025,فلل,9107.0
21001258530,27098823,21001126,Neighborhood Average,11,2025,مبنى تجاري سكني,10659.0
210022661909,27050066,21002318,Neighborhood Average,6,2025,أرض سكني,403.0
210022661909,27050066,21002318,Neighborhood Average,7,2025,أرض سكني,403.0
210022661909,27050066,21002318,Neighborhood Average,8,2025,أرض سكني,403.0
210022661909,27050066,21002318,Neighborhood Average,9,2025,أرض سكني,403.0
210022661909,27050066,21002318,Neighborhood Average,10,2025,أرض سكني,403.0
210022661909,27050066,21002318,Neighborhood Average,11,2025,أرض سكني,403.0
2100176183,27127146,21001177,Parcel Specific,6,2025,شقق,3634.0
2100176183,27127146,21001177,Parcel Specific,7,2025,شقق,3879.0
2100176183,27127146,21001177,Parcel Specific,8,2025,شقق,3796.0
2100176183,27127146,21001177,Parcel Specific,10,2025,شقق,3409.0
2100176183,27127146,21001177,Parcel Specific,11,2025,شقق,4103.0
2100176183,27127146,21001177,Neighborhood Average,6,2025,أرض تجاري,7609.0
2100176183,27127146,21001177,Neighborhood Average,6,2025,أرض تجاري سكني,5901.0
2100176183,27127146,21001177,Neighborhood Average,6,2025,أرض سكني,2463.0
2100176183,27127146,21001177,Neighborhood Average,6,2025,شقق,3712.0
2100176183,27127146,21001177,Neighborhood Average,6,2025,فلل,7498.0
2100176183,27127146,21001177,Neighborhood Average,7,2025,أرض تجاري,7609.0
2100176183,27127146,21001177,Neighborhood Average,7,2025,أرض تجاري سكني,5901.0
2100176183,27127146,21001177,Neighborhood Average,7,2025,أرض سكني,2463.0
2100176183,27127146,21001177,Neighborhood Average,7,2025,شقق,3761.0
2100176183,27127146,21001177,Neighborhood Average,7,2025,فلل,7413.0
2100176183,27127146,21001177,Neighborhood Average,8,2025,أرض تجاري,7609.0
2100176183,27127146,21001177,Neighborhood Average,8,2025,أرض تجاري سكني,5901.0
2100176183,27127146,21001177,Neighborhood Average,8,2025,أرض سكني,2615.0
2100176183,27127146,21001177,Neighborhood Average,8,2025,شقق,3779.0
2100176183,27127146,21001177,Neighborhood Average,8,2025,فلل,7413.0
2100176183,27127146,21001177,Neighborhood Average,9,2025,أرض تجاري,7609.0
2100176183,27127146,21001177,Neighborhood Average,9,2025,أرض تجاري سكني,5901.0
2100176183,27127146,21001177,Neighborhood Average,9,2025,أرض سكني,2615.0
2100176183,27127146,21001177,Neighborhood Average,9,2025,شقق,3745.0
2100176183,27127146,21001177,Neighborhood Average,9,2025,فلل,7413.0
2100176183,27127146,21001177,Neighborhood Average,10,2025,أرض تجاري,7609.0
2100176183,27127146,21001177,Neighborhood Average,10,2025,أرض تجاري سكني,5901.0
2100176183,27127146,21001177,Neighborhood Average,10,2025,أرض سكني,2681.0
2100176183,27127146,21001177,Neighborhood Average,10,2025,شقق,3896.0
2100176183,27127146,21001177,Neighborhood Average,10,2025,فلل,6945.0
2100176183,27127146,21001177,Neighborhood Average,11,2025,أرض تجاري,7609.0
2100176183,27127146,21001177,Neighborhood Average,11,2025,أرض تجاري سكني,5901.0
2100176183,27127146,21001177,Neighborhood Average,11,2025,أرض سكني,2681.0
2100176183,27127146,21001177,Neighborhood Average,11,2025,شقق,3954.0
2100176183,27127146,21001177,Neighborhood Average,11,2025,فلل,6440.0
210022653925,30969798,21002361,Parcel Specific,7,2025,أرض سكني,3130.0
210022653925,30969798,21002361,Neighborhood Average,6,2025,أرض سكني,316.0
210022653925,30969798,21002361,Neighborhood Average,6,2025,فلل,1143.0
210022653925,30969798,21002361,Neighborhood Average,7,2025,أرض سكني,316.0
210022653925,30969798,21002361,Neighborhood Average,7,2025,فلل,1143.0
210022653925,30969798,21002361,Neighborhood Average,8,2025,أرض سكني,316.0
210022653925,30969798,21002361,Neighborhood Average,8,2025,فلل,1143.0
210022653925,30969798,21002361,Neighborhood Average,9,2025,أرض سكني,316.0
210022653925,30969798,21002361,Neighborhood Average,9,2025,فلل,1143.0
210022653925,30969798,21002361,Neighborhood Average,10,2025,أرض سكني,316.0
210022653925,30969798,21002361,Neighborhood Average,10,2025,فلل,1143.0
210022653925,30969798,21002361,Neighborhood Average,11,2025,أرض سكني,316.0
210022653925,30969798,21002361,Neighborhood Average,11,2025,فلل,1143.0
9990206984581,29061383,2100031,Neighborhood Average,6,2025,أرض سكني,1617.0
9990206984581,29061383,2100031,Neighborhood Average,6,2025,فلل,9398.0
9990206984581,29061383,2100031,Neighborhood Average,7,2025,أرض سكني,1617.0
9990206984581,29061383,2100031,Neighborhood Average,7,2025,فلل,9398.0
9990206984581,29061383,2100031,Neighborhood Average,8,2025,أرض سكني,1846.0
9990206984581,29061383,2100031,Neighborhood Average,8,2025,فلل,9398.0
9990206984581,29061383,2100031,Neighborhood Average,9,2025,أرض سكني,1846.0
9990206984581,29061383,2100031,Neighborhood Average,9,2025,فلل,9880.0
9990206984581,29061383,2100031,Neighborhood Average,10,2025,أرض سكني,1846.0
9990206984581,29061383,2100031,Neighborhood Average,10,2025,فلل,9880.0
9990206984581,29061383,2100031,Neighborhood Average,11,2025,أرض سكني,1846.0
9990206984581,29061383,2100031,Neighborhood Average,11,2025,فلل,9880.0
210022680964,30412899,21002360,Parcel Specific,7,2025,أرض سكني,25.0
210022680964,30412899,21002360,Neighborhood Average,6,2025,أرض سكني,132.0
210022680964,30412899,21002360,Neighborhood Average,7,2025,أرض سكني,132.0
210022680964,30412899,21002360,Neighborhood Average,8,2025,أرض سكني,132.0
210022680964,30412899,21002360,Neighborhood Average,9,2025,أرض سكني,132.0
210022680964,30412899,21002360,Neighborhood Average,10,2025,أرض سكني,132.0
210022680964,30412899,21002360,Neighborhood Average,11,2025,أرض سكني,132.0
210032857613,28110142,21003462,Neighborhood Average,6,2025,أرض سكني,493.0
210032857613,28110142,21003462,Neighborhood Average,6,2025,فلل,2370.0
210032857613,28110142,21003462,Neighborhood Average,7,2025,أرض سكني,493.0
210032857613,28110142,21003462,Neighborhood Average,7,2025,فلل,2370.0
210032857613,28110142,21003462,Neighborhood Average,8,2025,أرض سكني,493.0
210032857613,28110142,21003462,Neighborhood Average,8,2025,فلل,2370.0
210032857613,28110142,21003462,Neighborhood Average,9,2025,أرض سكني,493.0
210032857613,28110142,21003462,Neighborhood Average,9,2025,فلل,2370.0
210032857613,28110142,21003462,Neighborhood Average,10,2025,أرض سكني,493.0
210032857613,28110142,21003462,Neighborhood Average,10,2025,فلل,2370.0
210032857613,28110142,21003462,Neighborhood Average,11,2025,أرض سكني,493.0
210032857613,28110142,21003462,Neighborhood Average,11,2025,فلل,2370.0
9990207144221,29758584,2100020,Neighborhood Average,6,2025,أرض سكني,722.0
9990207144221,29758584,2100020,Neighborhood Average,6,2025,شقق,1172.0
9990207144221,29758584,2100020,Neighborhood Average,6,2025,فلل,852.0
9990207144221,29758584,2100020,Neighborhood Average,7,2025,أرض سكني,722.0
9990207144221,29758584,2100020,Neighborhood Average,7,2025,شقق,1172.0
9990207144221,29758584,2100020,Neighborhood Average,7,2025,فلل,852.0
9990207144221,29758584,2100020,Neighborhood Average,8,2025,أرض سكني,722.0
9990207144221,29758584,2100020,Neighborhood Average,8,2025,شقق,1172.0
9990207144221,29758584,2100020,Neighborhood Average,8,2025,فلل,852.0
9990207144221,29758584,2100020,Neighborhood Average,9,2025,أرض سكني,722.0
9990207144221,29758584,2100020,Neighborhood Average,9,2025,شقق,1172.0
9990207144221,29758584,2100020,Neighborhood Average,9,2025,فلل,852.0
9990207144221,29758584,2100020,Neighborhood Average,10,2025,أرض سكني,722.0
9990207144221,29758584,2100020,Neighborhood Average,10,2025,شقق,1172.0
9990207144221,29758584,2100020,Neighborhood Average,10,2025,فلل,852.0
9990207144221,29758584,2100020,Neighborhood Average,11,2025,أرض سكني,722.0
9990207144221,29758584,2100020,Neighborhood Average,11,2025,شقق,1172.0
9990207144221,29758584,2100020,Neighborhood Average,11,2025,فلل,852.0
210093028526,29430728,21009591,Neighborhood Average,6,2025,أرض سكني,69.0
210093028526,29430728,21009591,Neighborhood Average,6,2025,زراعي,111.0
210093028526,29430728,21009591,Neighborhood Average,7,2025,أرض سكني,69.0
210093028526,29430728,21009591,Neighborhood Average,7,2025,زراعي,111.0
210093028526,29430728,21009591,Neighborhood Average,8,2025,أرض سكني,69.0
210093028526,29430728,21009591,Neighborhood Average,8,2025,زراعي,111.0
210093028526,29430728,21009591,Neighborhood Average,9,2025,أرض سكني,69.0
210093028526,29430728,21009591,Neighborhood Average,9,2025,زراعي,111.0
210093028526,29430728,21009591,Neighborhood Average,10,2025,أرض سكني,69.0
210093028526,29430728,21009591,Neighborhood Average,10,2025,زراعي,111.0
210093028526,29430728,21009591,Neighborhood Average,11,2025,أرض سكني,69.0
210093028526,29430728,21009591,Neighborhood Average,11,2025,زراعي,111.0
210022716368,27006459,21002353,Neighborhood Average,6,2025,أرض تجاري سكني,3249.0
210022716368,27006459,21002353,Neighborhood Average,6,2025,أرض سكني,908.0
210022716368,27006459,21002353,Neighborhood Average,6,2025,شقق,3314.0
210022716368,27006459,21002353,Neighborhood Average,6,2025,فلل,2736.0
210022716368,27006459,21002353,Neighborhood Average,7,2025,أرض تجاري سكني,3249.0
210022716368,27006459,21002353,Neighborhood Average,7,2025,أرض سكني,1060.0
210022716368,27006459,21002353,Neighborhood Average,7,2025,شقق,3314.0
210022716368,27006459,21002353,Neighborhood Average,7,2025,فلل,2839.0
210022716368,27006459,21002353,Neighborhood Average,8,2025,أرض تجاري سكني,3249.0
210022716368,27006459,21002353,Neighborhood Average,8,2025,أرض سكني,1251.0
210022716368,27006459,21002353,Neighborhood Average,8,2025,شقق,3314.0
210022716368,27006459,21002353,Neighborhood Average,8,2025,فلل,2931.0
210022716368,27006459,21002353,Neighborhood Average,9,2025,أرض تجاري سكني,3249.0
210022716368,27006459,21002353,Neighborhood Average,9,2025,أرض سكني,1209.0
210022716368,27006459,21002353,Neighborhood Average,9,2025,شقق,3314.0
210022716368,27006459,21002353,Neighborhood Average,9,2025,فلل,2844.0
210022716368,27006459,21002353,Neighborhood Average,10,2025,أرض تجاري سكني,3249.0
210022716368,27006459,21002353,Neighborhood Average,10,2025,أرض سكني,1417.0
210022716368,27006459,21002353,Neighborhood Average,10,2025,شقق,3314.0
210022716368,27006459,21002353,Neighborhood Average,10,2025,فلل,2926.0
210022716368,27006459,21002353,Neighborhood Average,11,2025,أرض تجاري سكني,3249.0
210022716368,27006459,21002353,Neighborhood Average,11,2025,أرض سكني,1409.0
210022716368,27006459,21002353,Neighborhood Average,11,2025,شقق,3314.0
210022716368,27006459,21002353,Neighborhood Average,11,2025,فلل,2982.0
210022687027,30664949,21002442,Parcel Specific,7,2025,فلل,2366.0
210022687027,30664949,21002442,Neighborhood Average,6,2025,أرض تجاري سكني,507.0
210022687027,30664949,21002442,Neighborhood Average,6,2025,أرض سكني,1027.0
210022687027,30664949,21002442,Neighborhood Average,6,2025,شقق,3800.0
210022687027,30664949,21002442,Neighborhood Average,6,2025,فلل,2145.0
210022687027,30664949,21002442,Neighborhood Average,7,2025,أرض تجاري سكني,507.0
210022687027,30664949,21002442,Neighborhood Average,7,2025,أرض سكني,1020.0
210022687027,30664949,21002442,Neighborhood Average,7,2025,شقق,3800.0
210022687027,30664949,21002442,Neighborhood Average,7,2025,فلل,2145.0
210022687027,30664949,21002442,Neighborhood Average,8,2025,أرض تجاري سكني,507.0
210022687027,30664949,21002442,Neighborhood Average,8,2025,أرض سكني,989.0
210022687027,30664949,21002442,Neighborhood Average,8,2025,شقق,3800.0
210022687027,30664949,21002442,Neighborhood Average,8,2025,فلل,2145.0
210022687027,30664949,21002442,Neighborhood Average,9,2025,أرض تجاري سكني,507.0
210022687027,30664949,21002442,Neighborhood Average,9,2025,أرض سكني,989.0
210022687027,30664949,21002442,Neighborhood Average,9,2025,شقق,3800.0
210022687027,30664949,21002442,Neighborhood Average,9,2025,فلل,2145.0
210022687027,30664949,21002442,Neighborhood Average,10,2025,أرض تجاري سكني,507.0
210022687027,30664949,21002442,Neighborhood Average,10,2025,أرض سكني,890.0
210022687027,30664949,21002442,Neighborhood Average,10,2025,شقق,3800.0
210022687027,30664949,21002442,Neighborhood Average,10,2025,فلل,2145.0
210022687027,30664949,21002442,Neighborhood Average,11,2025,أرض تجاري سكني,507.0
210022687027,30664949,21002442,Neighborhood Average,11,2025,أرض سكني,890.0
210022687027,30664949,21002442,Neighborhood Average,11,2025,شقق,3800.0
210022687027,30664949,21002442,Neighborhood Average,11,2025,فلل,2145.0
9990206947258,32685672,2100069,Parcel Specific,10,2025,أرض تجاري سكني,8833.0
9990206947258,32685672,2100069,Neighborhood Average,6,2025,أرض تجاري سكني,11524.0
9990206947258,32685672,2100069,Neighborhood Average,7,2025,أرض تجاري سكني,11524.0
9990206947258,32685672,2100069,Neighborhood Average,8,2025,أرض تجاري سكني,11524.0
9990206947258,32685672,2100069,Neighborhood Average,9,2025,أرض تجاري سكني,11524.0
9990206947258,32685672,2100069,Neighborhood Average,10,2025,أرض تجاري سكني,11524.0
9990206947258,32685672,2100069,Neighborhood Average,11,2025,أرض تجاري سكني,11524.0
210022722205,31077468,21002364,Parcel Specific,7,2025,أرض سكني,2700.0
210022722205,31077468,21002364,Neighborhood Average,6,2025,أرض سكني,3005.0
210022722205,31077468,21002364,Neighborhood Average,6,2025,شقق,3288.0
210022722205,31077468,21002364,Neighborhood Average,7,2025,أرض سكني,3005.0
210022722205,31077468,21002364,Neighborhood Average,7,2025,شقق,3288.0
210022722205,31077468,21002364,Neighborhood Average,8,2025,أرض سكني,3005.0
210022722205,31077468,21002364,Neighborhood Average,8,2025,شقق,3288.0
210022722205,31077468,21002364,Neighborhood Average,9,2025,أرض سكني,3005.0
210022722205,31077468,21002364,Neighborhood Average,9,2025,شقق,3288.0
210022722205,31077468,21002364,Neighborhood Average,10,2025,أرض سكني,3005.0
210022722205,31077468,21002364,Neighborhood Average,10,2025,شقق,3288.0
210022722205,31077468,21002364,Neighborhood Average,11,2025,أرض سكني,2898.0
210022722205,31077468,21002364,Neighborhood Average,11,2025,شقق,3288.0
210022827374,27009450,21002363,Neighborhood Average,6,2025,أرض تجاري سكني,229.0
210022827374,27009450,21002363,Neighborhood Average,6,2025,أرض سكني,456.0
210022827374,27009450,21002363,Neighborhood Average,6,2025,شقق,3277.0
210022827374,27009450,21002363,Neighborhood Average,6,2025,فلل,1000.0
210022827374,27009450,21002363,Neighborhood Average,7,2025,أرض تجاري سكني,229.0
210022827374,27009450,21002363,Neighborhood Average,7,2025,أرض سكني,456.0
210022827374,27009450,21002363,Neighborhood Average,7,2025,شقق,3223.0
210022827374,27009450,21002363,Neighborhood Average,7,2025,فلل,1000.0
210022827374,27009450,21002363,Neighborhood Average,8,2025,أرض تجاري سكني,229.0
210022827374,27009450,21002363,Neighborhood Average,8,2025,أرض سكني,465.0
210022827374,27009450,21002363,Neighborhood Average,8,2025,شقق,3223.0
210022827374,27009450,21002363,Neighborhood Average,8,2025,فلل,997.0
210022827374,27009450,21002363,Neighborhood Average,9,2025,أرض تجاري سكني,229.0
210022827374,27009450,21002363,Neighborhood Average,9,2025,أرض سكني,455.0
210022827374,27009450,21002363,Neighborhood Average,9,2025,شقق,3223.0
210022827374,27009450,21002363,Neighborhood Average,9,2025,فلل,997.0
210022827374,27009450,21002363,Neighborhood Average,10,2025,أرض تجاري سكني,229.0
210022827374,27009450,21002363,Neighborhood Average,10,2025,أرض سكني,451.0
210022827374,27009450,21002363,Neighborhood Average,10,2025,شقق,3223.0
210022827374,27009450,21002363,Neighborhood Average,10,2025,فلل,1007.0
210022827374,27009450,21002363,Neighborhood Average,11,2025,أرض تجاري سكني,229.0
210022827374,27009450,21002363,Neighborhood Average,11,2025,أرض سكني,454.0
210022827374,27009450,21002363,Neighborhood Average,11,2025,شقق,3223.0
210022827374,27009450,21002363,Neighborhood Average,11,2025,فلل,996.0
210073013113,29061771,21007559,Neighborhood Average,6,2025,شقق,328.0
210073013113,29061771,21007559,Neighborhood Average,7,2025,شقق,328.0
210073013113,29061771,21007559,Neighborhood Average,8,2025,شقق,328.0
210073013113,29061771,21007559,Neighborhood Average,9,2025,شقق,328.0
210073013113,29061771,21007559,Neighborhood Average,10,2025,شقق,328.0
210073013113,29061771,21007559,Neighborhood Average,11,2025,شقق,328.0
210022707525,29868713,21002432,Neighborhood Average,6,2025,أرض سكني,634.0
210022707525,29868713,21002432,Neighborhood Average,6,2025,فلل,1278.0
210022707525,29868713,21002432,Neighborhood Average,7,2025,أرض سكني,634.0
210022707525,29868713,21002432,Neighborhood Average,7,2025,فلل,1278.0
210022707525,29868713,21002432,Neighborhood Average,8,2025,أرض سكني,677.0
210022707525,29868713,21002432,Neighborhood Average,8,2025,فلل,1278.0
210022707525,29868713,21002432,Neighborhood Average,9,2025,أرض سكني,677.0
210022707525,29868713,21002432,Neighborhood Average,9,2025,فلل,1278.0
210022707525,29868713,21002432,Neighborhood Average,10,2025,أرض سكني,677.0
210022707525,29868713,21002432,Neighborhood Average,10,2025,فلل,1278.0
210022707525,29868713,21002432,Neighborhood Average,11,2025,أرض سكني,677.0
210022707525,29868713,21002432,Neighborhood Average,11,2025,فلل,1278.0
